account_id,account_type,home_city,signup_date
A0001,personal,Hyderabad,2026-01-12
A0002,personal,Delhi,2023-10-21
A0003,personal,Bengaluru,2022-08-02
A0004,personal,Bengaluru,2025-01-03
A0005,personal,Mumbai,2022-09-27
A0006,personal,Coimbatore,2023-05-26
A0007,personal,Hyderabad,2023-05-10
A0008,personal,Delhi,2024-10-21
A0009,personal,Coimbatore,2023-01-03
A0010,personal,Bengaluru,2023-03-22
A0011,personal,Kochi,2025-04-13
A0012,personal,Mumbai,2024-02-07
A0013,personal,Hyderabad,2023-06-22
A0014,personal,Pune,2023-07-03
A0015,personal,Delhi,2024-02-02
A0016,personal,Mumbai,2025-10-31
A0017,personal,Pune,2024-05-26
A0018,personal,Bengaluru,2024-11-05
A0019,personal,Coimbatore,2026-02-12
A0020,personal,Bengaluru,2025-02-27
A0021,personal,Delhi,2025-10-24
A0022,personal,Mumbai,2023-11-15
A0023,personal,Delhi,2025-02-11
A0024,personal,Chennai,2023-06-11
A0025,personal,Pune,2023-01-04
A0026,personal,Pune,2024-07-05
A0027,personal,Pune,2025-03-19
A0028,personal,Chennai,2023-11-10
A0029,personal,Mumbai,2024-02-21
A0030,personal,Coimbatore,2022-11-23
A0031,personal,Mumbai,2025-05-11
A0032,personal,Bengaluru,2022-10-07
A0033,personal,Delhi,2023-07-25
A0034,personal,Mumbai,2022-10-13
A0035,personal,Coimbatore,2025-07-09
A0036,personal,Bengaluru,2026-05-20
A0037,personal,Chennai,2025-04-15
A0038,personal,Hyderabad,2024-08-08
A0039,personal,Chennai,2025-04-27
A0040,personal,Hyderabad,2023-01-21
A0041,personal,Kochi,2025-08-12
A0042,personal,Bengaluru,2024-06-02
A0043,personal,Coimbatore,2022-10-22
A0044,personal,Delhi,2025-01-16
A0045,personal,Bengaluru,2024-07-08
A0046,personal,Hyderabad,2023-05-12
A0047,personal,Kochi,2022-12-03
A0048,personal,Delhi,2024-12-18
A0049,personal,Pune,2022-11-07
A0050,personal,Bengaluru,2025-02-20
A0051,personal,Chennai,2023-06-11
A0052,personal,Pune,2025-11-10
A0053,personal,Delhi,2025-07-04
A0054,personal,Chennai,2024-11-10
A0055,personal,Pune,2023-02-04
A0056,personal,Hyderabad,2025-04-15
A0057,personal,Kochi,2023-02-07
A0058,personal,Bengaluru,2024-12-18
A0059,personal,Bengaluru,2023-11-23
A0060,personal,Hyderabad,2023-10-22
A0061,personal,Kochi,2025-02-21
A0062,personal,Hyderabad,2022-12-10
A0063,personal,Bengaluru,2024-12-13
A0064,personal,Chennai,2023-09-23
A0065,personal,Pune,2024-03-18
A0066,personal,Chennai,2025-01-15
A0067,personal,Mumbai,2025-05-04
A0068,personal,Kochi,2026-04-24
A0069,personal,Kochi,2022-08-23
A0070,personal,Kochi,2022-10-12
A0071,personal,Kochi,2025-05-28
A0072,personal,Mumbai,2024-10-30
A0073,personal,Kochi,2023-07-19
A0074,personal,Mumbai,2025-07-28
A0075,personal,Hyderabad,2023-07-29
A0076,personal,Delhi,2025-11-09
A0077,personal,Chennai,2023-02-15
A0078,personal,Kochi,2024-02-06
A0079,personal,Delhi,2025-11-20
A0080,personal,Hyderabad,2025-10-30
A0081,personal,Pune,2022-08-01
A0082,personal,Pune,2024-10-28
A0083,personal,Kochi,2025-09-18
A0084,personal,Hyderabad,2022-10-15
A0085,personal,Coimbatore,2026-01-12
A0086,personal,Pune,2022-07-22
A0087,personal,Delhi,2024-03-13
A0088,personal,Kochi,2025-04-08
A0089,personal,Delhi,2026-04-22
A0090,personal,Pune,2025-03-17
A0091,personal,Hyderabad,2024-08-13
A0092,personal,Chennai,2024-12-15
A0093,personal,Chennai,2024-10-19
A0094,personal,Kochi,2025-02-08
A0095,personal,Pune,2025-07-11
A0096,personal,Kochi,2023-01-04
A0097,personal,Hyderabad,2026-05-02
A0098,personal,Hyderabad,2024-12-23
A0099,personal,Pune,2023-01-26
A0100,personal,Pune,2023-11-09
A0101,personal,Hyderabad,2025-12-02
A0102,personal,Hyderabad,2025-08-03
A0103,personal,Coimbatore,2024-12-15
A0104,personal,Coimbatore,2022-08-02
A0105,personal,Chennai,2026-03-18
A0106,personal,Delhi,2025-07-30
A0107,personal,Coimbatore,2024-08-07
A0108,personal,Hyderabad,2022-10-23
A0109,personal,Delhi,2025-10-29
A0110,personal,Pune,2025-08-22
A0111,personal,Mumbai,2023-05-10
A0112,personal,Bengaluru,2024-07-12
A0113,personal,Pune,2025-09-29
A0114,personal,Delhi,2025-01-11
A0115,personal,Bengaluru,2025-07-30
A0116,personal,Bengaluru,2025-04-14
A0117,personal,Pune,2025-03-19
A0118,personal,Delhi,2025-07-16
A0119,personal,Mumbai,2025-02-22
A0120,personal,Kochi,2025-06-28
A0121,personal,Hyderabad,2023-08-26
A0122,personal,Mumbai,2024-01-24
A0123,personal,Hyderabad,2022-09-22
A0124,personal,Pune,2025-04-23
A0125,personal,Hyderabad,2023-04-01
A0126,personal,Coimbatore,2025-02-07
A0127,personal,Pune,2022-10-09
A0128,personal,Kochi,2025-08-09
A0129,personal,Mumbai,2025-10-28
A0130,personal,Mumbai,2025-02-21
A0131,personal,Hyderabad,2025-05-04
A0132,personal,Pune,2025-08-04
A0133,personal,Kochi,2024-11-04
A0134,personal,Pune,2022-11-01
A0135,personal,Coimbatore,2023-09-23
A0136,personal,Hyderabad,2025-08-14
A0137,personal,Pune,2026-04-14
A0138,personal,Delhi,2023-09-23
A0139,personal,Hyderabad,2025-12-08
A0140,personal,Bengaluru,2024-02-24
A0141,personal,Bengaluru,2022-10-07
A0142,personal,Bengaluru,2024-09-22
A0143,personal,Chennai,2026-05-07
A0144,personal,Bengaluru,2022-10-14
A0145,personal,Coimbatore,2024-03-22
A0146,personal,Chennai,2023-07-27
A0147,personal,Mumbai,2025-10-25
A0148,personal,Kochi,2025-02-19
A0149,personal,Hyderabad,2025-04-09
A0150,personal,Kochi,2024-06-17
A0151,personal,Coimbatore,2026-05-29
A0152,personal,Mumbai,2025-10-01
A0153,personal,Mumbai,2023-09-30
A0154,personal,Kochi,2023-02-08
A0155,personal,Hyderabad,2024-08-18
A0156,personal,Bengaluru,2026-04-24
A0157,personal,Mumbai,2024-11-21
A0158,personal,Pune,2025-07-12
A0159,personal,Chennai,2024-06-06
A0160,personal,Bengaluru,2024-06-12
A0161,personal,Delhi,2023-07-06
A0162,personal,Kochi,2024-03-22
A0163,personal,Pune,2025-07-23
A0164,personal,Bengaluru,2025-02-16
A0165,personal,Mumbai,2024-11-03
A0166,personal,Hyderabad,2025-01-20
A0167,personal,Mumbai,2024-07-21
A0168,personal,Coimbatore,2023-03-10
A0169,personal,Delhi,2022-11-15
A0170,personal,Pune,2025-04-01
A0171,personal,Hyderabad,2026-01-26
A0172,personal,Mumbai,2025-05-26
A0173,personal,Kochi,2024-05-13
A0174,personal,Mumbai,2023-11-22
A0175,personal,Mumbai,2023-09-22
A0176,personal,Chennai,2023-03-09
A0177,personal,Bengaluru,2025-06-23
A0178,personal,Mumbai,2025-06-09
A0179,personal,Chennai,2024-08-31
A0180,personal,Bengaluru,2022-09-01
A0181,personal,Hyderabad,2023-01-09
A0182,personal,Delhi,2026-02-21
A0183,personal,Mumbai,2025-01-20
A0184,personal,Chennai,2024-06-08
A0185,personal,Mumbai,2023-01-28
A0186,personal,Pune,2024-05-26
A0187,personal,Hyderabad,2023-01-18
A0188,personal,Delhi,2022-11-07
A0189,personal,Bengaluru,2024-07-15
A0190,personal,Pune,2026-02-12
A0191,personal,Hyderabad,2024-10-18
A0192,personal,Bengaluru,2022-08-06
A0193,personal,Chennai,2022-08-24
A0194,personal,Pune,2022-07-06
A0195,personal,Bengaluru,2024-06-10
A0196,personal,Coimbatore,2025-04-16
A0197,personal,Pune,2023-12-11
A0198,personal,Pune,2024-03-30
A0199,personal,Coimbatore,2023-07-23
A0200,personal,Bengaluru,2023-10-26
A0201,personal,Hyderabad,2023-05-15
A0202,personal,Chennai,2023-05-31
A0203,personal,Delhi,2025-09-17
A0204,personal,Mumbai,2024-09-13
A0205,personal,Pune,2023-09-08
A0206,personal,Delhi,2022-07-07
A0207,personal,Delhi,2024-10-12
A0208,personal,Pune,2022-11-05
A0209,personal,Delhi,2023-02-21
A0210,personal,Kochi,2024-11-22
A0211,personal,Bengaluru,2025-07-11
A0212,personal,Delhi,2025-07-29
A0213,personal,Mumbai,2026-02-15
A0214,personal,Delhi,2023-05-29
A0215,personal,Pune,2023-04-05
A0216,personal,Pune,2023-03-05
A0217,personal,Bengaluru,2023-07-31
A0218,personal,Mumbai,2025-08-15
A0219,personal,Hyderabad,2024-12-02
A0220,personal,Chennai,2025-09-18
A0221,personal,Hyderabad,2023-07-24
A0222,personal,Hyderabad,2023-03-07
A0223,personal,Kochi,2023-08-18
A0224,personal,Coimbatore,2022-08-31
A0225,personal,Mumbai,2025-10-30
A0226,personal,Delhi,2025-04-05
A0227,personal,Mumbai,2025-03-25
A0228,personal,Pune,2025-12-21
A0229,personal,Delhi,2022-07-30
A0230,personal,Hyderabad,2022-10-17
A0231,personal,Coimbatore,2023-09-07
A0232,personal,Hyderabad,2024-10-14
A0233,personal,Delhi,2025-03-31
A0234,personal,Pune,2025-05-21
A0235,personal,Hyderabad,2023-06-17
A0236,personal,Pune,2024-09-06
A0237,personal,Kochi,2025-10-09
A0238,personal,Kochi,2026-01-01
A0239,personal,Delhi,2023-11-07
A0240,personal,Kochi,2022-07-13
A0241,personal,Kochi,2024-11-08
A0242,personal,Pune,2024-11-29
A0243,personal,Delhi,2023-11-18
A0244,personal,Mumbai,2023-11-14
A0245,personal,Coimbatore,2024-03-08
A0246,personal,Coimbatore,2026-02-07
A0247,personal,Mumbai,2025-09-23
A0248,personal,Kochi,2023-08-09
A0249,personal,Pune,2025-07-30
A0250,personal,Bengaluru,2024-06-28
A0251,personal,Hyderabad,2023-04-03
A0252,personal,Delhi,2026-02-07
A0253,personal,Bengaluru,2023-01-07
A0254,personal,Hyderabad,2022-08-23
A0255,personal,Hyderabad,2024-03-13
A0256,personal,Mumbai,2025-10-31
A0257,personal,Chennai,2022-11-20
A0258,personal,Chennai,2022-10-08
A0259,personal,Bengaluru,2024-02-02
A0260,personal,Hyderabad,2025-07-05
A0261,personal,Chennai,2025-10-12
A0262,personal,Kochi,2024-08-15
A0263,personal,Mumbai,2024-05-06
A0264,personal,Hyderabad,2023-11-08
A0265,personal,Chennai,2026-04-21
A0266,personal,Chennai,2025-10-19
A0267,personal,Kochi,2024-02-14
A0268,personal,Mumbai,2026-05-13
A0269,personal,Kochi,2023-05-05
A0270,personal,Mumbai,2024-10-19
A0271,personal,Mumbai,2022-10-18
A0272,personal,Chennai,2022-07-17
A0273,personal,Mumbai,2024-07-30
A0274,personal,Hyderabad,2024-10-16
A0275,personal,Bengaluru,2022-10-29
A0276,personal,Pune,2022-09-14
A0277,personal,Delhi,2024-09-09
A0278,personal,Hyderabad,2022-11-23
A0279,personal,Pune,2023-04-20
A0280,personal,Mumbai,2025-05-04
A0281,personal,Mumbai,2025-03-28
A0282,personal,Delhi,2025-08-10
A0283,personal,Mumbai,2026-01-19
A0284,personal,Pune,2022-06-27
A0285,personal,Hyderabad,2025-04-18
A0286,personal,Pune,2023-08-16
A0287,personal,Hyderabad,2023-06-22
A0288,personal,Pune,2025-02-18
A0289,personal,Hyderabad,2022-10-26
A0290,personal,Delhi,2024-01-14
A0291,personal,Kochi,2022-09-24
A0292,personal,Mumbai,2022-11-13
A0293,personal,Pune,2022-11-15
A0294,personal,Chennai,2024-09-22
A0295,personal,Delhi,2026-01-24
A0296,personal,Hyderabad,2024-02-22
A0297,personal,Mumbai,2023-11-17
A0298,personal,Pune,2023-02-04
A0299,personal,Mumbai,2023-12-17
A0300,personal,Pune,2026-04-18
A0301,personal,Hyderabad,2022-09-18
A0302,personal,Coimbatore,2025-10-03
A0303,personal,Coimbatore,2025-03-02
A0304,personal,Delhi,2024-11-19
A0305,personal,Pune,2025-08-01
A0306,personal,Coimbatore,2022-07-10
A0307,personal,Mumbai,2025-04-06
A0308,personal,Pune,2026-03-03
A0309,personal,Mumbai,2025-09-14
A0310,personal,Kochi,2024-08-04
A0311,personal,Delhi,2026-01-28
A0312,personal,Pune,2025-09-20
A0313,personal,Kochi,2025-09-05
A0314,personal,Chennai,2025-02-08
A0315,personal,Mumbai,2025-04-13
A0316,personal,Chennai,2023-04-06
A0317,personal,Bengaluru,2024-04-16
A0318,personal,Hyderabad,2024-12-10
A0319,personal,Mumbai,2026-03-06
A0320,personal,Pune,2025-07-23
A0321,personal,Mumbai,2024-08-27
A0322,personal,Kochi,2025-12-05
A0323,personal,Kochi,2025-06-26
A0324,personal,Bengaluru,2023-01-10
A0325,personal,Bengaluru,2023-05-02
A0326,personal,Hyderabad,2024-09-20
A0327,personal,Kochi,2023-02-23
A0328,personal,Pune,2023-01-01
A0329,personal,Chennai,2025-05-02
A0330,personal,Delhi,2023-05-15
A0331,personal,Pune,2025-07-17
A0332,personal,Kochi,2023-03-24
A0333,personal,Mumbai,2024-02-04
A0334,personal,Chennai,2024-09-22
A0335,personal,Coimbatore,2026-04-28
A0336,personal,Kochi,2023-02-12
A0337,personal,Kochi,2022-10-24
A0338,personal,Bengaluru,2025-08-09
A0339,personal,Hyderabad,2022-12-18
A0340,personal,Mumbai,2025-02-09
A0341,personal,Bengaluru,2024-05-14
A0342,personal,Pune,2026-03-11
A0343,personal,Mumbai,2025-07-12
A0344,personal,Coimbatore,2023-06-12
A0345,personal,Pune,2025-10-15
A0346,personal,Mumbai,2025-06-09
A0347,personal,Mumbai,2025-01-04
A0348,personal,Kochi,2023-02-20
A0349,personal,Delhi,2025-11-18
A0350,personal,Chennai,2023-03-14
A0351,personal,Bengaluru,2025-12-30
A0352,personal,Hyderabad,2023-02-09
A0353,personal,Bengaluru,2023-07-16
A0354,personal,Hyderabad,2022-08-30
A0355,personal,Hyderabad,2025-08-09
A0356,personal,Kochi,2024-04-13
A0357,personal,Chennai,2024-03-08
A0358,personal,Pune,2024-10-11
A0359,personal,Coimbatore,2024-05-07
A0360,personal,Chennai,2024-06-06
A0361,personal,Hyderabad,2025-09-05
A0362,personal,Chennai,2023-07-20
A0363,personal,Bengaluru,2026-03-06
A0364,personal,Bengaluru,2024-07-30
A0365,personal,Chennai,2024-05-23
A0366,personal,Hyderabad,2024-09-09
A0367,personal,Delhi,2024-05-07
A0368,personal,Delhi,2022-08-24
A0369,personal,Mumbai,2025-11-17
A0370,personal,Mumbai,2022-12-15
A0371,personal,Hyderabad,2026-04-16
A0372,personal,Hyderabad,2022-07-28
A0373,personal,Bengaluru,2025-12-19
A0374,personal,Hyderabad,2025-04-16
A0375,personal,Kochi,2024-02-28
A0376,personal,Kochi,2024-05-18
A0377,personal,Pune,2022-11-02
A0378,personal,Bengaluru,2024-04-26
A0379,personal,Delhi,2025-11-11
A0380,personal,Bengaluru,2024-12-25
A0381,personal,Coimbatore,2024-08-23
A0382,personal,Kochi,2023-10-12
A0383,personal,Kochi,2024-05-01
A0384,personal,Bengaluru,2024-04-06
A0385,personal,Pune,2024-01-15
A0386,personal,Chennai,2024-06-25
A0387,personal,Chennai,2024-08-01
A0388,personal,Pune,2026-03-24
A0389,personal,Kochi,2023-01-28
A0390,personal,Coimbatore,2025-06-24
A0391,personal,Mumbai,2023-01-31
A0392,personal,Chennai,2026-03-05
A0393,personal,Kochi,2024-11-01
A0394,personal,Bengaluru,2026-05-11
A0395,personal,Pune,2023-02-07
A0396,personal,Chennai,2025-02-13
A0397,personal,Bengaluru,2024-01-27
A0398,personal,Mumbai,2022-09-10
A0399,personal,Hyderabad,2023-12-14
A0400,personal,Bengaluru,2022-12-04
A0401,personal,Hyderabad,2023-04-19
A0402,personal,Coimbatore,2022-07-03
A0403,personal,Kochi,2022-09-06
A0404,personal,Bengaluru,2025-02-10
A0405,personal,Coimbatore,2023-06-25
A0406,personal,Delhi,2024-10-11
A0407,personal,Pune,2023-05-08
A0408,personal,Coimbatore,2023-12-26
A0409,personal,Bengaluru,2026-04-23
A0410,personal,Bengaluru,2024-07-03
A0411,personal,Kochi,2024-09-14
A0412,personal,Chennai,2022-12-08
A0413,personal,Hyderabad,2025-02-05
A0414,personal,Delhi,2022-07-14
A0415,personal,Pune,2023-10-10
A0416,personal,Coimbatore,2024-06-03
A0417,personal,Mumbai,2025-10-23
A0418,personal,Delhi,2025-09-07
A0419,personal,Mumbai,2026-04-20
A0420,personal,Coimbatore,2023-11-10
A0421,personal,Mumbai,2023-06-13
A0422,personal,Delhi,2023-10-28
A0423,personal,Mumbai,2025-07-22
A0424,personal,Coimbatore,2024-05-27
A0425,personal,Chennai,2022-07-01
A0426,personal,Kochi,2025-08-25
A0427,personal,Mumbai,2025-07-10
A0428,personal,Delhi,2022-08-18
A0429,personal,Bengaluru,2025-04-21
A0430,personal,Kochi,2024-06-10
A0431,personal,Bengaluru,2026-03-26
A0432,personal,Hyderabad,2023-06-30
A0433,personal,Delhi,2024-07-19
A0434,personal,Mumbai,2023-03-13
A0435,personal,Hyderabad,2023-02-18
A0436,personal,Delhi,2025-03-31
A0437,personal,Mumbai,2026-05-11
A0438,personal,Delhi,2023-08-17
A0439,personal,Hyderabad,2026-04-15
A0440,personal,Hyderabad,2025-05-04
A0441,personal,Bengaluru,2024-04-28
A0442,personal,Hyderabad,2023-11-05
A0443,personal,Mumbai,2025-05-18
A0444,personal,Pune,2025-12-28
A0445,personal,Pune,2023-01-02
A0446,personal,Kochi,2023-10-22
A0447,personal,Bengaluru,2026-01-27
A0448,personal,Delhi,2023-10-29
A0449,personal,Mumbai,2023-05-22
A0450,personal,Coimbatore,2023-08-15
A0451,personal,Delhi,2022-10-15
A0452,personal,Coimbatore,2024-05-01
A0453,personal,Delhi,2025-12-27
A0454,personal,Chennai,2023-08-12
A0455,personal,Coimbatore,2025-05-24
A0456,personal,Kochi,2023-11-02
A0457,personal,Pune,2025-12-27
A0458,personal,Chennai,2025-03-10
A0459,personal,Hyderabad,2025-02-19
A0460,personal,Hyderabad,2024-07-27
A0461,personal,Kochi,2024-10-24
A0462,personal,Pune,2024-07-16
A0463,personal,Kochi,2024-08-21
A0464,personal,Chennai,2024-01-27
A0465,personal,Chennai,2024-03-18
A0466,personal,Bengaluru,2024-07-23
A0467,personal,Delhi,2023-03-09
A0468,personal,Hyderabad,2023-07-04
A0469,personal,Pune,2022-10-15
A0470,personal,Kochi,2023-02-13
A0471,personal,Coimbatore,2023-01-11
A0472,personal,Coimbatore,2024-04-12
A0473,personal,Bengaluru,2023-08-08
A0474,personal,Pune,2025-10-10
A0475,personal,Bengaluru,2023-07-04
A0476,personal,Coimbatore,2026-05-03
A0477,personal,Chennai,2024-09-28
A0478,personal,Pune,2024-01-03
A0479,personal,Mumbai,2024-01-26
A0480,personal,Pune,2024-10-31
A0481,personal,Mumbai,2023-02-03
A0482,personal,Mumbai,2024-07-06
A0483,personal,Bengaluru,2026-02-02
A0484,personal,Hyderabad,2024-07-01
A0485,personal,Bengaluru,2024-09-02
A0486,personal,Hyderabad,2025-07-31
A0487,personal,Kochi,2023-08-12
A0488,personal,Pune,2024-01-17
A0489,personal,Coimbatore,2024-04-28
A0490,personal,Hyderabad,2022-10-01
A0491,personal,Chennai,2022-10-03
A0492,personal,Delhi,2023-12-15
A0493,personal,Kochi,2022-11-27
A0494,personal,Chennai,2025-07-05
A0495,personal,Mumbai,2024-05-11
A0496,personal,Hyderabad,2024-07-25
A0497,personal,Pune,2023-12-27
A0498,personal,Chennai,2023-07-31
A0499,personal,Coimbatore,2024-10-19
A0500,personal,Bengaluru,2024-04-22
A0501,personal,Coimbatore,2023-05-22
A0502,personal,Bengaluru,2024-08-25
A0503,personal,Mumbai,2026-05-29
A0504,personal,Bengaluru,2025-04-23
A0505,personal,Coimbatore,2025-01-20
A0506,personal,Delhi,2022-10-01
A0507,personal,Chennai,2026-05-10
A0508,personal,Bengaluru,2024-08-07
A0509,personal,Coimbatore,2022-10-31
A0510,personal,Delhi,2026-04-07
A0511,personal,Pune,2024-01-14
A0512,personal,Mumbai,2024-03-15
A0513,personal,Delhi,2022-12-06
A0514,personal,Coimbatore,2026-04-24
A0515,personal,Bengaluru,2024-06-15
A0516,personal,Mumbai,2025-03-19
A0517,personal,Bengaluru,2024-01-17
A0518,personal,Chennai,2024-09-20
A0519,personal,Hyderabad,2022-08-13
A0520,personal,Delhi,2022-08-04
A0521,business,Pune,2024-05-26
A0522,business,Hyderabad,2023-12-09
A0523,business,Delhi,2025-04-26
A0524,business,Coimbatore,2026-04-24
A0525,business,Bengaluru,2022-11-19
A0526,business,Mumbai,2025-08-20
A0527,business,Kochi,2022-10-13
A0528,business,Chennai,2026-05-01
A0529,business,Delhi,2024-08-05
A0530,business,Delhi,2025-06-08
A0531,business,Bengaluru,2023-08-19
A0532,business,Coimbatore,2025-11-05
A0533,business,Chennai,2024-09-01
A0534,business,Kochi,2024-09-18
A0535,business,Coimbatore,2023-08-25
A0536,business,Delhi,2022-08-17
A0537,business,Mumbai,2023-04-22
A0538,business,Hyderabad,2022-09-28
A0539,business,Hyderabad,2024-07-12
A0540,business,Delhi,2023-01-02
A0541,business,Coimbatore,2023-04-16
A0542,business,Mumbai,2022-10-14
A0543,business,Bengaluru,2025-11-25
A0544,personal,Mumbai,2026-05-27
A0545,personal,Mumbai,2026-06-21
A0546,personal,Kochi,2026-05-22
A0547,personal,Chennai,2026-07-02
A0548,personal,Coimbatore,2026-07-15
A0549,personal,Bengaluru,2026-07-04
A0550,personal,Mumbai,2026-07-17
A0551,personal,Delhi,2026-06-29
A0552,personal,Hyderabad,2026-06-22
A0553,personal,Kochi,2026-06-30
A0554,personal,Pune,2026-06-25
A0555,personal,Chennai,2026-07-14
A0556,personal,Coimbatore,2026-07-11
A0557,personal,Hyderabad,2026-08-19
A0558,personal,Chennai,2026-08-20
A0559,personal,Chennai,2026-08-25
A0560,personal,Coimbatore,2026-08-20
A0561,personal,Pune,2026-08-25
A0562,personal,Chennai,2026-08-19
A0563,personal,Bengaluru,2026-08-23
A0564,personal,Kochi,2026-08-19
