account_id,risk,action,ring_id,n_transactions,n_flagged,total_inr,explanation
A0544,0.9985,FREEZE account and investigate ring,RING-1,19,19,164157.54,"HIGH_RISK_TRANSACTION: T023147 scored 0.97 (BLOCK); RING_MEMBER: member of RING-1 (11 accounts, linked by same_sequence, mule_payee); MULE: received ₹162,918 from 10 accounts and passed 95% straight to gift cards/crypto"
A0545,0.9984,FREEZE account and investigate ring,RING-2,25,25,120575.17,"HIGH_RISK_TRANSACTION: T027202 scored 0.96 (BLOCK); RING_MEMBER: member of RING-2 (9 accounts, linked by shared_device, shared_subnet, mule_payee); MULE: received ₹108,717 from 8 accounts and passed 97% straight to gift cards/crypto"
A0558,0.997,FREEZE account and investigate ring,RING-2,30,30,53460.68,"HIGH_RISK_TRANSACTION: T020454 scored 0.98 (BLOCK); RING_MEMBER: member of RING-2 (9 accounts, linked by shared_device, shared_subnet, mule_payee)"
A0561,0.9959,FREEZE account and investigate ring,RING-2,18,18,55896.45,"HIGH_RISK_TRANSACTION: T025845 scored 0.97 (BLOCK); RING_MEMBER: member of RING-2 (9 accounts, linked by shared_device, shared_subnet, mule_payee)"
A0557,0.9959,FREEZE account and investigate ring,RING-2,12,12,38800.5,"HIGH_RISK_TRANSACTION: T023360 scored 0.97 (BLOCK); RING_MEMBER: member of RING-2 (9 accounts, linked by shared_device, shared_subnet, mule_payee)"
A0559,0.9959,FREEZE account and investigate ring,RING-2,12,12,39711.01,"HIGH_RISK_TRANSACTION: T023257 scored 0.97 (BLOCK); RING_MEMBER: member of RING-2 (9 accounts, linked by shared_device, shared_subnet, mule_payee)"
A0562,0.9959,FREEZE account and investigate ring,RING-2,21,21,57619.58,"HIGH_RISK_TRANSACTION: T021956 scored 0.97 (BLOCK); RING_MEMBER: member of RING-2 (9 accounts, linked by shared_device, shared_subnet, mule_payee)"
A0563,0.9959,FREEZE account and investigate ring,RING-2,17,17,49613.14,"HIGH_RISK_TRANSACTION: T023182 scored 0.97 (BLOCK); RING_MEMBER: member of RING-2 (9 accounts, linked by shared_device, shared_subnet, mule_payee)"
A0560,0.9957,FREEZE account and investigate ring,RING-2,19,19,45027.0,"HIGH_RISK_TRANSACTION: T026531 scored 0.97 (BLOCK); RING_MEMBER: member of RING-2 (9 accounts, linked by shared_device, shared_subnet, mule_payee)"
A0564,0.9957,FREEZE account and investigate ring,RING-2,19,19,52897.7,"HIGH_RISK_TRANSACTION: T026290 scored 0.97 (BLOCK); RING_MEMBER: member of RING-2 (9 accounts, linked by shared_device, shared_subnet, mule_payee)"
A0546,0.9942,FREEZE account and investigate ring,RING-3,10,10,173317.56,"HIGH_RISK_TRANSACTION: T025917 scored 0.95 (BLOCK); RING_MEMBER: member of RING-3 (6 accounts, linked by mule_payee); MULE: received ₹176,727 from 5 accounts and passed 95% straight to gift cards/crypto"
A0555,0.9814,FREEZE account and investigate ring,RING-1,58,4,104263.36,"HIGH_RISK_TRANSACTION: T031228 scored 0.88 (BLOCK); RING_MEMBER: member of RING-1 (11 accounts, linked by same_sequence, mule_payee)"
A0266,0.9792,FREEZE account and investigate ring,RING-3,34,4,161194.27,"HIGH_RISK_TRANSACTION: T031227 scored 0.95 (BLOCK); RING_MEMBER: member of RING-3 (6 accounts, linked by mule_payee)"
A0349,0.9744,FREEZE account and investigate ring,RING-3,82,4,190723.86,"HIGH_RISK_TRANSACTION: T032576 scored 0.94 (BLOCK); RING_MEMBER: member of RING-3 (6 accounts, linked by mule_payee)"
A0556,0.9709,FREEZE account and investigate ring,RING-1,88,4,233908.51,"HIGH_RISK_TRANSACTION: T031557 scored 0.82 (BLOCK); RING_MEMBER: member of RING-1 (11 accounts, linked by same_sequence, mule_payee)"
A0550,0.9709,FREEZE account and investigate ring,RING-1,27,4,77556.41,"HIGH_RISK_TRANSACTION: T026672 scored 0.82 (BLOCK); RING_MEMBER: member of RING-1 (11 accounts, linked by same_sequence, mule_payee)"
A0549,0.9709,FREEZE account and investigate ring,RING-1,98,4,236948.04,"HIGH_RISK_TRANSACTION: T025692 scored 0.82 (BLOCK); RING_MEMBER: member of RING-1 (11 accounts, linked by same_sequence, mule_payee)"
A0552,0.9709,FREEZE account and investigate ring,RING-1,77,4,135113.43,"HIGH_RISK_TRANSACTION: T028396 scored 0.82 (BLOCK); RING_MEMBER: member of RING-1 (11 accounts, linked by same_sequence, mule_payee)"
A0554,0.9709,FREEZE account and investigate ring,RING-1,56,4,101477.98,"HIGH_RISK_TRANSACTION: T029803 scored 0.82 (BLOCK); RING_MEMBER: member of RING-1 (11 accounts, linked by same_sequence, mule_payee)"
A0553,0.9709,FREEZE account and investigate ring,RING-1,95,4,322728.5,"HIGH_RISK_TRANSACTION: T029712 scored 0.82 (BLOCK); RING_MEMBER: member of RING-1 (11 accounts, linked by same_sequence, mule_payee)"
A0394,0.968,FREEZE account and investigate ring,RING-3,31,4,150220.7,"HIGH_RISK_TRANSACTION: T027901 scored 0.92 (BLOCK); RING_MEMBER: member of RING-3 (6 accounts, linked by mule_payee)"
A0008,0.968,FREEZE account and investigate ring,RING-3,40,4,226104.14,"HIGH_RISK_TRANSACTION: T033884 scored 0.92 (BLOCK); RING_MEMBER: member of RING-3 (6 accounts, linked by mule_payee)"
A0547,0.9642,FREEZE account and investigate ring,RING-1,84,4,214004.03,"HIGH_RISK_TRANSACTION: T023146 scored 0.78 (HOLD + step-up verification); RING_MEMBER: member of RING-1 (11 accounts, linked by same_sequence, mule_payee)"
A0551,0.9605,FREEZE account and investigate ring,RING-1,37,4,104260.06,"HIGH_RISK_TRANSACTION: T027784 scored 0.75 (HOLD + step-up verification); RING_MEMBER: member of RING-1 (11 accounts, linked by same_sequence, mule_payee)"
A0548,0.9552,FREEZE account and investigate ring,RING-1,85,4,132417.26,"HIGH_RISK_TRANSACTION: T024846 scored 0.72 (HOLD + step-up verification); RING_MEMBER: member of RING-1 (11 accounts, linked by same_sequence, mule_payee)"
A0222,0.9378,FREEZE account and investigate ring,,80,8,179662.89,HIGH_RISK_TRANSACTION: T030724 scored 0.94 (BLOCK)
A0423,0.9378,FREEZE account and investigate ring,,38,9,65869.57,HIGH_RISK_TRANSACTION: T019876 scored 0.94 (BLOCK)
A0063,0.9378,FREEZE account and investigate ring,,70,11,103009.99,HIGH_RISK_TRANSACTION: T013571 scored 0.94 (BLOCK)
A0269,0.8966,FREEZE account and investigate ring,RING-3,20,2,103836.2,"HIGH_RISK_TRANSACTION: T025887 scored 0.74 (HOLD + step-up verification); RING_MEMBER: member of RING-3 (6 accounts, linked by mule_payee)"
A0467,0.475,MONITOR,,52,0,121089.67,HIGH_RISK_TRANSACTION: T002723 scored 0.47 (REVIEW)
A0203,0.475,MONITOR,,38,0,79079.5,HIGH_RISK_TRANSACTION: T003195 scored 0.47 (REVIEW)
A0079,0.475,MONITOR,,92,0,198597.37,HIGH_RISK_TRANSACTION: T001720 scored 0.47 (REVIEW)
A0223,0.475,MONITOR,,42,0,74396.24,HIGH_RISK_TRANSACTION: T002358 scored 0.47 (REVIEW)
A0424,0.4475,MONITOR,,24,0,69479.07,HIGH_RISK_TRANSACTION: T021273 scored 0.45 (REVIEW)
A0230,0.4475,MONITOR,,58,0,38616.17,HIGH_RISK_TRANSACTION: T011453 scored 0.45 (REVIEW)
A0084,0.4475,MONITOR,,56,0,107816.79,HIGH_RISK_TRANSACTION: T012181 scored 0.45 (REVIEW)
A0069,0.4475,MONITOR,,85,0,316225.22,HIGH_RISK_TRANSACTION: T010142 scored 0.45 (REVIEW)
A0536,0.4475,MONITOR,,333,0,7967182.33,HIGH_RISK_TRANSACTION: T000354 scored 0.45 (REVIEW)
A0528,0.43,MONITOR,,228,0,6806942.24,HIGH_RISK_TRANSACTION: T003684 scored 0.43 (REVIEW)
A0527,0.43,MONITOR,,412,0,6240466.09,HIGH_RISK_TRANSACTION: T002196 scored 0.43 (REVIEW)
A0538,0.43,MONITOR,,287,0,6041674.58,HIGH_RISK_TRANSACTION: T001155 scored 0.43 (REVIEW)
A0524,0.43,MONITOR,,348,0,6935874.13,HIGH_RISK_TRANSACTION: T002284 scored 0.43 (REVIEW)
A0523,0.43,MONITOR,,293,0,5427169.87,HIGH_RISK_TRANSACTION: T001406 scored 0.43 (REVIEW)
A0532,0.43,MONITOR,,302,0,5926304.42,HIGH_RISK_TRANSACTION: T000729 scored 0.43 (REVIEW)
A0305,0.3625,MONITOR,,66,0,117275.07,HIGH_RISK_TRANSACTION: T030465 scored 0.36 (REVIEW)
A0281,0.3625,MONITOR,,84,0,180451.21,HIGH_RISK_TRANSACTION: T013129 scored 0.36 (REVIEW)
A0088,0.3625,MONITOR,,21,0,62835.07,HIGH_RISK_TRANSACTION: T034775 scored 0.36 (REVIEW)
A0351,0.3625,MONITOR,,51,0,120840.25,HIGH_RISK_TRANSACTION: T020560 scored 0.36 (REVIEW)
A0036,0.3625,MONITOR,,42,0,35104.77,HIGH_RISK_TRANSACTION: T009367 scored 0.36 (REVIEW)
A0534,0.354,MONITOR,,270,0,6283258.39,HIGH_RISK_TRANSACTION: T003623 scored 0.35 (REVIEW)
A0257,0.3,MONITOR,,106,0,203554.99,HIGH_RISK_TRANSACTION: T003110 scored 0.30 (REVIEW)
A0051,0.3,MONITOR,,83,0,193875.99,HIGH_RISK_TRANSACTION: T001908 scored 0.30 (REVIEW)
A0004,0.0,NO ACTION,,74,0,105532.64,no risk factors
A0003,0.0,NO ACTION,,71,0,198361.96,no risk factors
A0006,0.0,NO ACTION,,49,0,91771.03,no risk factors
A0519,0.0,NO ACTION,,80,0,92057.24,no risk factors
A0055,0.0,NO ACTION,,33,0,92239.89,no risk factors
A0026,0.0,NO ACTION,,32,0,48322.48,no risk factors
A0025,0.0,NO ACTION,,51,0,59626.12,no risk factors
A0007,0.0,NO ACTION,,88,0,191822.25,no risk factors
A0020,0.0,NO ACTION,,28,0,44828.08,no risk factors
A0005,0.0,NO ACTION,,90,0,175659.79,no risk factors
A0024,0.0,NO ACTION,,32,0,55045.29,no risk factors
A0023,0.0,NO ACTION,,24,0,40345.11,no risk factors
A0022,0.0,NO ACTION,,100,0,236460.65,no risk factors
A0021,0.0,NO ACTION,,66,0,201322.95,no risk factors
A0002,0.0,NO ACTION,,82,0,123885.24,no risk factors
A0526,0.0,NO ACTION,,414,0,6809584.43,no risk factors
A0525,0.0,NO ACTION,,293,0,8217328.34,no risk factors
A0522,0.0,NO ACTION,,403,0,7219371.32,no risk factors
A0521,0.0,NO ACTION,,427,0,7166848.12,no risk factors
A0520,0.0,NO ACTION,,85,0,73547.5,no risk factors
A0073,0.0,NO ACTION,,105,0,149080.93,no risk factors
A0072,0.0,NO ACTION,,61,0,86228.83,no risk factors
A0071,0.0,NO ACTION,,64,0,130369.82,no risk factors
A0070,0.0,NO ACTION,,61,0,105820.29,no risk factors
A0068,0.0,NO ACTION,,63,0,71074.19,no risk factors
A0067,0.0,NO ACTION,,46,0,106668.69,no risk factors
A0066,0.0,NO ACTION,,48,0,130174.31,no risk factors
A0065,0.0,NO ACTION,,78,0,234851.84,no risk factors
A0064,0.0,NO ACTION,,101,0,169655.52,no risk factors
A0062,0.0,NO ACTION,,76,0,96023.66,no risk factors
A0061,0.0,NO ACTION,,89,0,212504.24,no risk factors
A0060,0.0,NO ACTION,,88,0,160748.06,no risk factors
A0059,0.0,NO ACTION,,58,0,113635.53,no risk factors
A0058,0.0,NO ACTION,,80,0,188597.86,no risk factors
A0057,0.0,NO ACTION,,26,0,57706.8,no risk factors
A0056,0.0,NO ACTION,,87,0,130247.71,no risk factors
A0091,0.0,NO ACTION,,83,0,181487.28,no risk factors
A0090,0.0,NO ACTION,,40,0,43331.97,no risk factors
A0089,0.0,NO ACTION,,60,0,152134.26,no risk factors
A0087,0.0,NO ACTION,,22,0,31821.22,no risk factors
A0086,0.0,NO ACTION,,33,0,55037.38,no risk factors
A0085,0.0,NO ACTION,,86,0,110158.13,no risk factors
A0083,0.0,NO ACTION,,24,0,38516.83,no risk factors
A0082,0.0,NO ACTION,,48,0,55796.54,no risk factors
A0081,0.0,NO ACTION,,71,0,105070.66,no risk factors
A0080,0.0,NO ACTION,,82,0,82384.38,no risk factors
A0078,0.0,NO ACTION,,64,0,130529.44,no risk factors
A0077,0.0,NO ACTION,,55,0,124483.18,no risk factors
A0076,0.0,NO ACTION,,47,0,101414.59,no risk factors
A0075,0.0,NO ACTION,,25,0,19534.87,no risk factors
A0074,0.0,NO ACTION,,75,0,44578.44,no risk factors
A0107,0.0,NO ACTION,,30,0,33445.41,no risk factors
A0106,0.0,NO ACTION,,105,0,159979.51,no risk factors
A0105,0.0,NO ACTION,,97,0,226739.27,no risk factors
A0104,0.0,NO ACTION,,72,0,110466.32,no risk factors
A0103,0.0,NO ACTION,,46,0,112235.73,no risk factors
A0102,0.0,NO ACTION,,69,0,114773.32,no risk factors
A0101,0.0,NO ACTION,,48,0,155325.97,no risk factors
A0100,0.0,NO ACTION,,80,0,116032.6,no risk factors
A0099,0.0,NO ACTION,,85,0,324388.67,no risk factors
A0098,0.0,NO ACTION,,72,0,125742.43,no risk factors
A0097,0.0,NO ACTION,,52,0,59734.25,no risk factors
A0096,0.0,NO ACTION,,48,0,59103.13,no risk factors
A0095,0.0,NO ACTION,,83,0,143134.23,no risk factors
A0094,0.0,NO ACTION,,36,0,44176.63,no risk factors
A0093,0.0,NO ACTION,,53,0,84277.18,no risk factors
A0092,0.0,NO ACTION,,36,0,139873.89,no risk factors
A0123,0.0,NO ACTION,,65,0,128579.31,no risk factors
A0122,0.0,NO ACTION,,32,0,106563.52,no risk factors
A0121,0.0,NO ACTION,,68,0,57143.29,no risk factors
A0120,0.0,NO ACTION,,62,0,183353.23,no risk factors
A0119,0.0,NO ACTION,,82,0,117256.52,no risk factors
A0118,0.0,NO ACTION,,41,0,37652.97,no risk factors
A0117,0.0,NO ACTION,,27,0,22971.07,no risk factors
A0116,0.0,NO ACTION,,71,0,147888.88,no risk factors
A0115,0.0,NO ACTION,,38,0,43949.19,no risk factors
A0114,0.0,NO ACTION,,56,0,116109.78,no risk factors
A0113,0.0,NO ACTION,,49,0,78784.89,no risk factors
A0112,0.0,NO ACTION,,45,0,77387.88,no risk factors
A0111,0.0,NO ACTION,,37,0,112231.77,no risk factors
A0110,0.0,NO ACTION,,93,0,238083.53,no risk factors
A0109,0.0,NO ACTION,,88,0,103768.79,no risk factors
A0108,0.0,NO ACTION,,38,0,83398.65,no risk factors
A0139,0.0,NO ACTION,,64,0,146764.32,no risk factors
A0138,0.0,NO ACTION,,60,0,102797.25,no risk factors
A0137,0.0,NO ACTION,,87,0,218986.03,no risk factors
A0136,0.0,NO ACTION,,38,0,44147.2,no risk factors
A0135,0.0,NO ACTION,,46,0,104668.43,no risk factors
A0134,0.0,NO ACTION,,27,0,33697.57,no risk factors
A0133,0.0,NO ACTION,,68,0,98261.49,no risk factors
A0132,0.0,NO ACTION,,102,0,161487.25,no risk factors
A0131,0.0,NO ACTION,,80,0,117960.36,no risk factors
A0130,0.0,NO ACTION,,24,0,30877.84,no risk factors
A0129,0.0,NO ACTION,,43,0,66086.84,no risk factors
A0128,0.0,NO ACTION,,78,0,120127.86,no risk factors
A0127,0.0,NO ACTION,,78,0,145780.07,no risk factors
A0126,0.0,NO ACTION,,74,0,105335.17,no risk factors
A0125,0.0,NO ACTION,,60,0,155488.58,no risk factors
A0124,0.0,NO ACTION,,79,0,213226.13,no risk factors
A0155,0.0,NO ACTION,,45,0,75411.07,no risk factors
A0154,0.0,NO ACTION,,54,0,150380.34,no risk factors
A0153,0.0,NO ACTION,,83,0,164328.92,no risk factors
A0152,0.0,NO ACTION,,49,0,126124.36,no risk factors
A0151,0.0,NO ACTION,,43,0,67496.53,no risk factors
A0150,0.0,NO ACTION,,45,0,131190.12,no risk factors
A0149,0.0,NO ACTION,,28,0,92345.85,no risk factors
A0148,0.0,NO ACTION,,31,0,78878.67,no risk factors
A0147,0.0,NO ACTION,,79,0,283779.51,no risk factors
A0146,0.0,NO ACTION,,32,0,56094.66,no risk factors
A0145,0.0,NO ACTION,,51,0,82010.1,no risk factors
A0144,0.0,NO ACTION,,73,0,95566.18,no risk factors
A0143,0.0,NO ACTION,,34,0,38645.94,no risk factors
A0142,0.0,NO ACTION,,91,0,176880.35,no risk factors
A0141,0.0,NO ACTION,,40,0,90683.57,no risk factors
A0140,0.0,NO ACTION,,63,0,148415.11,no risk factors
A0171,0.0,NO ACTION,,85,0,109823.25,no risk factors
A0170,0.0,NO ACTION,,91,0,150865.12,no risk factors
A0169,0.0,NO ACTION,,33,0,55367.18,no risk factors
A0168,0.0,NO ACTION,,63,0,233034.42,no risk factors
A0167,0.0,NO ACTION,,70,0,60995.47,no risk factors
A0166,0.0,NO ACTION,,37,0,85569.64,no risk factors
A0165,0.0,NO ACTION,,53,0,83225.18,no risk factors
A0164,0.0,NO ACTION,,44,0,43406.08,no risk factors
A0163,0.0,NO ACTION,,53,0,48675.76,no risk factors
A0162,0.0,NO ACTION,,39,0,54087.46,no risk factors
A0161,0.0,NO ACTION,,79,0,248714.78,no risk factors
A0160,0.0,NO ACTION,,56,0,84760.52,no risk factors
A0159,0.0,NO ACTION,,30,0,54516.27,no risk factors
A0158,0.0,NO ACTION,,66,0,165604.18,no risk factors
A0157,0.0,NO ACTION,,99,0,205482.86,no risk factors
A0156,0.0,NO ACTION,,50,0,98600.22,no risk factors
A0187,0.0,NO ACTION,,31,0,21758.1,no risk factors
A0186,0.0,NO ACTION,,81,0,110376.1,no risk factors
A0185,0.0,NO ACTION,,95,0,163326.77,no risk factors
A0184,0.0,NO ACTION,,87,0,98221.4,no risk factors
A0183,0.0,NO ACTION,,67,0,67217.91,no risk factors
A0182,0.0,NO ACTION,,73,0,225923.48,no risk factors
A0181,0.0,NO ACTION,,67,0,107576.86,no risk factors
A0180,0.0,NO ACTION,,40,0,102245.93,no risk factors
A0179,0.0,NO ACTION,,58,0,96814.25,no risk factors
A0178,0.0,NO ACTION,,86,0,106680.05,no risk factors
A0177,0.0,NO ACTION,,58,0,129904.18,no risk factors
A0176,0.0,NO ACTION,,64,0,123303.52,no risk factors
A0175,0.0,NO ACTION,,48,0,34293.08,no risk factors
A0174,0.0,NO ACTION,,76,0,143293.73,no risk factors
A0173,0.0,NO ACTION,,64,0,120272.34,no risk factors
A0172,0.0,NO ACTION,,74,0,111520.27,no risk factors
A0204,0.0,NO ACTION,,90,0,358500.62,no risk factors
A0202,0.0,NO ACTION,,25,0,49952.72,no risk factors
A0201,0.0,NO ACTION,,61,0,62191.93,no risk factors
A0200,0.0,NO ACTION,,89,0,104735.31,no risk factors
A0199,0.0,NO ACTION,,55,0,103835.45,no risk factors
A0198,0.0,NO ACTION,,110,0,227292.97,no risk factors
A0197,0.0,NO ACTION,,55,0,81416.76,no risk factors
A0196,0.0,NO ACTION,,79,0,131877.24,no risk factors
A0195,0.0,NO ACTION,,48,0,113233.21,no risk factors
A0194,0.0,NO ACTION,,77,0,110311.87,no risk factors
A0193,0.0,NO ACTION,,90,0,252753.81,no risk factors
A0192,0.0,NO ACTION,,87,0,293710.43,no risk factors
A0191,0.0,NO ACTION,,69,0,104904.82,no risk factors
A0190,0.0,NO ACTION,,59,0,142955.34,no risk factors
A0189,0.0,NO ACTION,,30,0,78657.02,no risk factors
A0188,0.0,NO ACTION,,34,0,102446.09,no risk factors
A0220,0.0,NO ACTION,,99,0,128546.99,no risk factors
A0219,0.0,NO ACTION,,96,0,267915.51,no risk factors
A0218,0.0,NO ACTION,,72,0,203095.2,no risk factors
A0217,0.0,NO ACTION,,76,0,108726.45,no risk factors
A0216,0.0,NO ACTION,,41,0,58137.31,no risk factors
A0215,0.0,NO ACTION,,54,0,203877.15,no risk factors
A0214,0.0,NO ACTION,,29,0,38392.37,no risk factors
A0213,0.0,NO ACTION,,45,0,122688.92,no risk factors
A0212,0.0,NO ACTION,,45,0,103062.23,no risk factors
A0211,0.0,NO ACTION,,74,0,162291.16,no risk factors
A0210,0.0,NO ACTION,,40,0,54616.65,no risk factors
A0209,0.0,NO ACTION,,88,0,153601.69,no risk factors
A0208,0.0,NO ACTION,,33,0,68531.53,no risk factors
A0207,0.0,NO ACTION,,48,0,79205.61,no risk factors
A0206,0.0,NO ACTION,,31,0,47122.59,no risk factors
A0205,0.0,NO ACTION,,62,0,76747.28,no risk factors
A0239,0.0,NO ACTION,,70,0,207235.74,no risk factors
A0238,0.0,NO ACTION,,52,0,164547.67,no risk factors
A0237,0.0,NO ACTION,,68,0,70948.7,no risk factors
A0236,0.0,NO ACTION,,56,0,130943.21,no risk factors
A0235,0.0,NO ACTION,,92,0,184681.28,no risk factors
A0234,0.0,NO ACTION,,65,0,176086.35,no risk factors
A0233,0.0,NO ACTION,,65,0,128063.23,no risk factors
A0232,0.0,NO ACTION,,85,0,91754.57,no risk factors
A0231,0.0,NO ACTION,,84,0,134714.97,no risk factors
A0229,0.0,NO ACTION,,73,0,104300.43,no risk factors
A0228,0.0,NO ACTION,,81,0,104200.53,no risk factors
A0227,0.0,NO ACTION,,81,0,253494.77,no risk factors
A0226,0.0,NO ACTION,,58,0,122812.73,no risk factors
A0225,0.0,NO ACTION,,41,0,146104.82,no risk factors
A0224,0.0,NO ACTION,,32,0,77332.0,no risk factors
A0221,0.0,NO ACTION,,28,0,35741.52,no risk factors
A0255,0.0,NO ACTION,,33,0,59300.78,no risk factors
A0254,0.0,NO ACTION,,86,0,324313.92,no risk factors
A0253,0.0,NO ACTION,,48,0,92394.9,no risk factors
A0252,0.0,NO ACTION,,27,0,41732.97,no risk factors
A0251,0.0,NO ACTION,,78,0,179202.15,no risk factors
A0250,0.0,NO ACTION,,18,0,28490.38,no risk factors
A0249,0.0,NO ACTION,,87,0,289751.17,no risk factors
A0248,0.0,NO ACTION,,108,0,229870.16,no risk factors
A0247,0.0,NO ACTION,,72,0,112539.38,no risk factors
A0246,0.0,NO ACTION,,36,0,95464.59,no risk factors
A0245,0.0,NO ACTION,,29,0,57153.38,no risk factors
A0244,0.0,NO ACTION,,24,0,37363.13,no risk factors
A0243,0.0,NO ACTION,,48,0,81249.59,no risk factors
A0242,0.0,NO ACTION,,25,0,142268.48,no risk factors
A0241,0.0,NO ACTION,,53,0,174160.81,no risk factors
A0240,0.0,NO ACTION,,73,0,176366.69,no risk factors
A0273,0.0,NO ACTION,,76,0,137281.04,no risk factors
A0272,0.0,NO ACTION,,90,0,121790.1,no risk factors
A0271,0.0,NO ACTION,,39,0,40104.44,no risk factors
A0270,0.0,NO ACTION,,97,0,103820.66,no risk factors
A0268,0.0,NO ACTION,,48,0,70349.97,no risk factors
A0267,0.0,NO ACTION,,61,0,184941.99,no risk factors
A0265,0.0,NO ACTION,,24,0,42757.17,no risk factors
A0264,0.0,NO ACTION,,53,0,130992.74,no risk factors
A0263,0.0,NO ACTION,,96,0,230597.6,no risk factors
A0262,0.0,NO ACTION,,68,0,84029.08,no risk factors
A0261,0.0,NO ACTION,,69,0,224445.37,no risk factors
A0260,0.0,NO ACTION,,100,0,258111.02,no risk factors
A0259,0.0,NO ACTION,,69,0,95086.77,no risk factors
A0258,0.0,NO ACTION,,36,0,97403.72,no risk factors
A0256,0.0,NO ACTION,,64,0,116151.06,no risk factors
A0289,0.0,NO ACTION,,64,0,74641.75,no risk factors
A0288,0.0,NO ACTION,,54,0,186789.87,no risk factors
A0287,0.0,NO ACTION,,73,0,94532.98,no risk factors
A0286,0.0,NO ACTION,,44,0,86260.81,no risk factors
A0285,0.0,NO ACTION,,77,0,133690.3,no risk factors
A0284,0.0,NO ACTION,,83,0,96281.98,no risk factors
A0283,0.0,NO ACTION,,60,0,111731.24,no risk factors
A0282,0.0,NO ACTION,,47,0,114112.23,no risk factors
A0280,0.0,NO ACTION,,73,0,121064.17,no risk factors
A0279,0.0,NO ACTION,,75,0,148942.98,no risk factors
A0278,0.0,NO ACTION,,99,0,112218.2,no risk factors
A0277,0.0,NO ACTION,,49,0,138978.23,no risk factors
A0276,0.0,NO ACTION,,86,0,231418.74,no risk factors
A0275,0.0,NO ACTION,,42,0,101514.97,no risk factors
A0274,0.0,NO ACTION,,84,0,252683.86,no risk factors
A0304,0.0,NO ACTION,,102,0,89330.23,no risk factors
A0303,0.0,NO ACTION,,32,0,29184.24,no risk factors
A0302,0.0,NO ACTION,,54,0,47797.67,no risk factors
A0301,0.0,NO ACTION,,52,0,88090.38,no risk factors
A0300,0.0,NO ACTION,,82,0,210105.13,no risk factors
A0299,0.0,NO ACTION,,93,0,102329.69,no risk factors
A0298,0.0,NO ACTION,,29,0,49050.51,no risk factors
A0297,0.0,NO ACTION,,33,0,48589.74,no risk factors
A0296,0.0,NO ACTION,,82,0,163928.8,no risk factors
A0295,0.0,NO ACTION,,71,0,42950.18,no risk factors
A0294,0.0,NO ACTION,,71,0,107630.91,no risk factors
A0293,0.0,NO ACTION,,42,0,194327.93,no risk factors
A0292,0.0,NO ACTION,,37,0,99159.56,no risk factors
A0291,0.0,NO ACTION,,34,0,127688.46,no risk factors
A0290,0.0,NO ACTION,,72,0,114836.26,no risk factors
A0321,0.0,NO ACTION,,82,0,101359.13,no risk factors
A0320,0.0,NO ACTION,,32,0,56074.6,no risk factors
A0319,0.0,NO ACTION,,48,0,183779.31,no risk factors
A0318,0.0,NO ACTION,,86,0,92041.87,no risk factors
A0317,0.0,NO ACTION,,69,0,116456.27,no risk factors
A0316,0.0,NO ACTION,,36,0,32819.55,no risk factors
A0315,0.0,NO ACTION,,58,0,102889.74,no risk factors
A0314,0.0,NO ACTION,,71,0,72167.87,no risk factors
A0313,0.0,NO ACTION,,70,0,79156.24,no risk factors
A0312,0.0,NO ACTION,,34,0,101499.25,no risk factors
A0311,0.0,NO ACTION,,29,0,27949.79,no risk factors
A0310,0.0,NO ACTION,,92,0,142540.99,no risk factors
A0309,0.0,NO ACTION,,34,0,75855.22,no risk factors
A0308,0.0,NO ACTION,,58,0,100315.94,no risk factors
A0307,0.0,NO ACTION,,39,0,109108.07,no risk factors
A0306,0.0,NO ACTION,,50,0,223562.46,no risk factors
A0337,0.0,NO ACTION,,50,0,87945.0,no risk factors
A0336,0.0,NO ACTION,,39,0,40042.37,no risk factors
A0335,0.0,NO ACTION,,68,0,95893.93,no risk factors
A0334,0.0,NO ACTION,,62,0,83660.55,no risk factors
A0333,0.0,NO ACTION,,72,0,145465.71,no risk factors
A0332,0.0,NO ACTION,,44,0,76422.69,no risk factors
A0331,0.0,NO ACTION,,54,0,63343.59,no risk factors
A0330,0.0,NO ACTION,,30,0,51055.56,no risk factors
A0329,0.0,NO ACTION,,51,0,127548.4,no risk factors
A0328,0.0,NO ACTION,,63,0,63360.71,no risk factors
A0327,0.0,NO ACTION,,37,0,57286.32,no risk factors
A0326,0.0,NO ACTION,,51,0,42463.18,no risk factors
A0325,0.0,NO ACTION,,51,0,163226.25,no risk factors
A0324,0.0,NO ACTION,,89,0,190597.92,no risk factors
A0323,0.0,NO ACTION,,36,0,83392.51,no risk factors
A0322,0.0,NO ACTION,,65,0,105559.02,no risk factors
A0354,0.0,NO ACTION,,110,0,277273.44,no risk factors
A0353,0.0,NO ACTION,,87,0,203717.16,no risk factors
A0352,0.0,NO ACTION,,35,0,30829.59,no risk factors
A0540,0.0,NO ACTION,,421,0,6490090.5,no risk factors
A0350,0.0,NO ACTION,,56,0,91674.18,no risk factors
A0348,0.0,NO ACTION,,55,0,124371.47,no risk factors
A0347,0.0,NO ACTION,,70,0,105497.8,no risk factors
A0346,0.0,NO ACTION,,48,0,172223.16,no risk factors
A0345,0.0,NO ACTION,,84,0,75942.44,no risk factors
A0344,0.0,NO ACTION,,103,0,186571.83,no risk factors
A0343,0.0,NO ACTION,,82,0,246275.27,no risk factors
A0342,0.0,NO ACTION,,108,0,154410.84,no risk factors
A0341,0.0,NO ACTION,,25,0,50609.73,no risk factors
A0340,0.0,NO ACTION,,66,0,65021.6,no risk factors
A0339,0.0,NO ACTION,,50,0,117110.5,no risk factors
A0338,0.0,NO ACTION,,57,0,129944.23,no risk factors
A0370,0.0,NO ACTION,,33,0,37113.12,no risk factors
A0369,0.0,NO ACTION,,83,0,146598.4,no risk factors
A0368,0.0,NO ACTION,,50,0,102978.49,no risk factors
A0367,0.0,NO ACTION,,72,0,272224.4,no risk factors
A0366,0.0,NO ACTION,,27,0,100415.54,no risk factors
A0365,0.0,NO ACTION,,24,0,45215.32,no risk factors
A0364,0.0,NO ACTION,,63,0,140461.9,no risk factors
A0363,0.0,NO ACTION,,82,0,202460.14,no risk factors
A0362,0.0,NO ACTION,,73,0,138092.37,no risk factors
A0361,0.0,NO ACTION,,63,0,56929.1,no risk factors
A0360,0.0,NO ACTION,,75,0,197256.7,no risk factors
A0359,0.0,NO ACTION,,52,0,64234.49,no risk factors
A0358,0.0,NO ACTION,,41,0,90390.83,no risk factors
A0357,0.0,NO ACTION,,62,0,40229.45,no risk factors
A0356,0.0,NO ACTION,,59,0,111814.26,no risk factors
A0355,0.0,NO ACTION,,63,0,140860.4,no risk factors
A0386,0.0,NO ACTION,,42,0,65366.2,no risk factors
A0385,0.0,NO ACTION,,60,0,95260.37,no risk factors
A0384,0.0,NO ACTION,,97,0,187695.22,no risk factors
A0383,0.0,NO ACTION,,84,0,225106.45,no risk factors
A0382,0.0,NO ACTION,,40,0,39657.9,no risk factors
A0381,0.0,NO ACTION,,45,0,67751.65,no risk factors
A0380,0.0,NO ACTION,,67,0,52396.66,no risk factors
A0379,0.0,NO ACTION,,85,0,125588.46,no risk factors
A0378,0.0,NO ACTION,,86,0,198794.93,no risk factors
A0377,0.0,NO ACTION,,44,0,86852.33,no risk factors
A0376,0.0,NO ACTION,,23,0,32378.54,no risk factors
A0375,0.0,NO ACTION,,56,0,104348.45,no risk factors
A0374,0.0,NO ACTION,,48,0,82603.41,no risk factors
A0373,0.0,NO ACTION,,42,0,63574.17,no risk factors
A0372,0.0,NO ACTION,,104,0,127164.37,no risk factors
A0371,0.0,NO ACTION,,100,0,267850.85,no risk factors
A0403,0.0,NO ACTION,,62,0,144022.05,no risk factors
A0402,0.0,NO ACTION,,29,0,68828.08,no risk factors
A0401,0.0,NO ACTION,,75,0,174210.58,no risk factors
A0400,0.0,NO ACTION,,37,0,80897.62,no risk factors
A0399,0.0,NO ACTION,,76,0,143534.13,no risk factors
A0398,0.0,NO ACTION,,37,0,67482.02,no risk factors
A0397,0.0,NO ACTION,,43,0,58039.15,no risk factors
A0396,0.0,NO ACTION,,33,0,69296.47,no risk factors
A0395,0.0,NO ACTION,,77,0,156325.32,no risk factors
A0393,0.0,NO ACTION,,66,0,200804.15,no risk factors
A0392,0.0,NO ACTION,,87,0,166567.66,no risk factors
A0391,0.0,NO ACTION,,106,0,138767.99,no risk factors
A0390,0.0,NO ACTION,,49,0,88647.62,no risk factors
A0389,0.0,NO ACTION,,34,0,76297.87,no risk factors
A0388,0.0,NO ACTION,,88,0,98160.59,no risk factors
A0387,0.0,NO ACTION,,42,0,52481.59,no risk factors
A0035,0.0,NO ACTION,,63,0,117547.23,no risk factors
A0034,0.0,NO ACTION,,43,0,91872.03,no risk factors
A0033,0.0,NO ACTION,,72,0,149927.68,no risk factors
A0416,0.0,NO ACTION,,85,0,174860.73,no risk factors
A0415,0.0,NO ACTION,,97,0,149436.62,no risk factors
A0414,0.0,NO ACTION,,37,0,69176.3,no risk factors
A0413,0.0,NO ACTION,,92,0,78031.73,no risk factors
A0412,0.0,NO ACTION,,51,0,70787.56,no risk factors
A0411,0.0,NO ACTION,,86,0,255426.56,no risk factors
A0410,0.0,NO ACTION,,43,0,93771.67,no risk factors
A0409,0.0,NO ACTION,,60,0,114256.12,no risk factors
A0408,0.0,NO ACTION,,44,0,26869.91,no risk factors
A0407,0.0,NO ACTION,,38,0,56684.68,no risk factors
A0406,0.0,NO ACTION,,102,0,173904.53,no risk factors
A0405,0.0,NO ACTION,,98,0,391811.48,no risk factors
A0404,0.0,NO ACTION,,50,0,62100.13,no risk factors
A0419,0.0,NO ACTION,,61,0,182976.82,no risk factors
A0418,0.0,NO ACTION,,69,0,143276.01,no risk factors
A0417,0.0,NO ACTION,,81,0,208680.5,no risk factors
A0048,0.0,NO ACTION,,87,0,165576.81,no risk factors
A0047,0.0,NO ACTION,,72,0,83284.35,no risk factors
A0046,0.0,NO ACTION,,58,0,116544.58,no risk factors
A0045,0.0,NO ACTION,,47,0,74834.66,no risk factors
A0044,0.0,NO ACTION,,49,0,69313.87,no risk factors
A0043,0.0,NO ACTION,,102,0,197138.76,no risk factors
A0042,0.0,NO ACTION,,102,0,84350.22,no risk factors
A0041,0.0,NO ACTION,,77,0,41568.39,no risk factors
A0040,0.0,NO ACTION,,72,0,242678.69,no risk factors
A0039,0.0,NO ACTION,,88,0,172467.06,no risk factors
A0038,0.0,NO ACTION,,94,0,227805.04,no risk factors
A0037,0.0,NO ACTION,,45,0,104019.57,no risk factors
A0541,0.0,NO ACTION,,222,0,431968.11,no risk factors
A0437,0.0,NO ACTION,,75,0,190378.02,no risk factors
A0436,0.0,NO ACTION,,51,0,135057.81,no risk factors
A0435,0.0,NO ACTION,,48,0,146791.99,no risk factors
A0434,0.0,NO ACTION,,86,0,144982.58,no risk factors
A0433,0.0,NO ACTION,,35,0,75114.39,no risk factors
A0432,0.0,NO ACTION,,44,0,56401.61,no risk factors
A0431,0.0,NO ACTION,,79,0,78389.04,no risk factors
A0430,0.0,NO ACTION,,94,0,113589.58,no risk factors
A0429,0.0,NO ACTION,,33,0,63988.24,no risk factors
A0428,0.0,NO ACTION,,23,0,181065.01,no risk factors
A0427,0.0,NO ACTION,,78,0,73707.87,no risk factors
A0426,0.0,NO ACTION,,80,0,198906.64,no risk factors
A0425,0.0,NO ACTION,,63,0,54708.46,no risk factors
A0422,0.0,NO ACTION,,100,0,140800.3,no risk factors
A0421,0.0,NO ACTION,,73,0,202197.55,no risk factors
A0420,0.0,NO ACTION,,27,0,115522.59,no risk factors
A0453,0.0,NO ACTION,,54,0,150985.97,no risk factors
A0452,0.0,NO ACTION,,64,0,104573.7,no risk factors
A0451,0.0,NO ACTION,,78,0,193366.43,no risk factors
A0450,0.0,NO ACTION,,45,0,46350.59,no risk factors
A0449,0.0,NO ACTION,,35,0,47308.12,no risk factors
A0448,0.0,NO ACTION,,70,0,144091.92,no risk factors
A0447,0.0,NO ACTION,,86,0,88617.84,no risk factors
A0446,0.0,NO ACTION,,77,0,66273.47,no risk factors
A0445,0.0,NO ACTION,,41,0,97843.0,no risk factors
A0444,0.0,NO ACTION,,78,0,129243.09,no risk factors
A0443,0.0,NO ACTION,,57,0,97204.76,no risk factors
A0442,0.0,NO ACTION,,65,0,123894.53,no risk factors
A0441,0.0,NO ACTION,,68,0,112273.36,no risk factors
A0440,0.0,NO ACTION,,35,0,61688.33,no risk factors
A0439,0.0,NO ACTION,,47,0,221868.91,no risk factors
A0438,0.0,NO ACTION,,80,0,141649.88,no risk factors
A0470,0.0,NO ACTION,,48,0,178844.98,no risk factors
A0469,0.0,NO ACTION,,93,0,134632.39,no risk factors
A0468,0.0,NO ACTION,,44,0,36135.46,no risk factors
A0466,0.0,NO ACTION,,63,0,160083.84,no risk factors
A0465,0.0,NO ACTION,,65,0,178139.3,no risk factors
A0464,0.0,NO ACTION,,71,0,181517.95,no risk factors
A0463,0.0,NO ACTION,,53,0,149435.62,no risk factors
A0462,0.0,NO ACTION,,37,0,114666.11,no risk factors
A0461,0.0,NO ACTION,,60,0,77092.29,no risk factors
A0460,0.0,NO ACTION,,83,0,112401.69,no risk factors
A0459,0.0,NO ACTION,,42,0,100740.35,no risk factors
A0458,0.0,NO ACTION,,34,0,46104.77,no risk factors
A0457,0.0,NO ACTION,,70,0,83513.97,no risk factors
A0456,0.0,NO ACTION,,56,0,131354.15,no risk factors
A0455,0.0,NO ACTION,,37,0,69501.56,no risk factors
A0454,0.0,NO ACTION,,54,0,86696.31,no risk factors
A0486,0.0,NO ACTION,,79,0,104524.9,no risk factors
A0485,0.0,NO ACTION,,66,0,128275.1,no risk factors
A0484,0.0,NO ACTION,,42,0,36044.22,no risk factors
A0483,0.0,NO ACTION,,96,0,154209.76,no risk factors
A0482,0.0,NO ACTION,,38,0,144106.68,no risk factors
A0481,0.0,NO ACTION,,38,0,65360.29,no risk factors
A0480,0.0,NO ACTION,,67,0,127679.15,no risk factors
A0479,0.0,NO ACTION,,41,0,85246.79,no risk factors
A0478,0.0,NO ACTION,,47,0,204849.34,no risk factors
A0477,0.0,NO ACTION,,30,0,52974.97,no risk factors
A0476,0.0,NO ACTION,,70,0,250314.45,no risk factors
A0475,0.0,NO ACTION,,44,0,88067.56,no risk factors
A0474,0.0,NO ACTION,,90,0,130215.02,no risk factors
A0473,0.0,NO ACTION,,58,0,132587.12,no risk factors
A0472,0.0,NO ACTION,,84,0,137255.68,no risk factors
A0471,0.0,NO ACTION,,55,0,74771.38,no risk factors
A0502,0.0,NO ACTION,,65,0,156547.12,no risk factors
A0501,0.0,NO ACTION,,74,0,83518.27,no risk factors
A0500,0.0,NO ACTION,,44,0,53490.95,no risk factors
A0499,0.0,NO ACTION,,56,0,129741.18,no risk factors
A0498,0.0,NO ACTION,,81,0,163444.93,no risk factors
A0497,0.0,NO ACTION,,34,0,86005.93,no risk factors
A0496,0.0,NO ACTION,,68,0,158128.94,no risk factors
A0495,0.0,NO ACTION,,56,0,38377.74,no risk factors
A0494,0.0,NO ACTION,,61,0,91784.7,no risk factors
A0493,0.0,NO ACTION,,31,0,74710.13,no risk factors
A0492,0.0,NO ACTION,,44,0,115687.75,no risk factors
A0491,0.0,NO ACTION,,62,0,58946.24,no risk factors
A0490,0.0,NO ACTION,,98,0,95943.18,no risk factors
A0489,0.0,NO ACTION,,37,0,75899.59,no risk factors
A0488,0.0,NO ACTION,,80,0,123393.3,no risk factors
A0487,0.0,NO ACTION,,69,0,214073.44,no risk factors
A0518,0.0,NO ACTION,,35,0,51337.67,no risk factors
A0517,0.0,NO ACTION,,65,0,112047.67,no risk factors
A0516,0.0,NO ACTION,,67,0,59058.61,no risk factors
A0515,0.0,NO ACTION,,37,0,39870.91,no risk factors
A0514,0.0,NO ACTION,,74,0,96108.92,no risk factors
A0513,0.0,NO ACTION,,52,0,124969.67,no risk factors
A0512,0.0,NO ACTION,,114,0,296088.63,no risk factors
A0511,0.0,NO ACTION,,60,0,184016.55,no risk factors
A0510,0.0,NO ACTION,,29,0,31252.36,no risk factors
A0509,0.0,NO ACTION,,46,0,53216.38,no risk factors
A0508,0.0,NO ACTION,,46,0,106909.17,no risk factors
A0507,0.0,NO ACTION,,30,0,109349.83,no risk factors
A0506,0.0,NO ACTION,,73,0,98124.86,no risk factors
A0505,0.0,NO ACTION,,47,0,113623.85,no risk factors
A0504,0.0,NO ACTION,,96,0,277803.33,no risk factors
A0503,0.0,NO ACTION,,60,0,70070.45,no risk factors
A0533,0.0,NO ACTION,,298,0,5688441.96,no risk factors
A0019,0.0,NO ACTION,,43,0,64946.93,no risk factors
A0018,0.0,NO ACTION,,108,0,273360.33,no risk factors
A0017,0.0,NO ACTION,,26,0,24571.81,no risk factors
A0001,0.0,NO ACTION,,79,0,108241.08,no risk factors
A0542,0.0,NO ACTION,,232,0,490490.94,no risk factors
A0531,0.0,NO ACTION,,303,0,7338463.23,no risk factors
A0530,0.0,NO ACTION,,253,0,6121070.07,no risk factors
A0529,0.0,NO ACTION,,273,0,4971587.83,no risk factors
A0032,0.0,NO ACTION,,63,0,131860.18,no risk factors
A0031,0.0,NO ACTION,,53,0,68798.83,no risk factors
A0030,0.0,NO ACTION,,44,0,116370.79,no risk factors
A0029,0.0,NO ACTION,,42,0,50870.5,no risk factors
A0028,0.0,NO ACTION,,88,0,114823.73,no risk factors
A0027,0.0,NO ACTION,,53,0,59949.6,no risk factors
A0537,0.0,NO ACTION,,262,0,5764804.47,no risk factors
A0535,0.0,NO ACTION,,276,0,7067552.01,no risk factors
A0054,0.0,NO ACTION,,51,0,61114.95,no risk factors
A0053,0.0,NO ACTION,,52,0,146084.06,no risk factors
A0052,0.0,NO ACTION,,29,0,58129.02,no risk factors
A0543,0.0,NO ACTION,,376,0,948940.58,no risk factors
A0050,0.0,NO ACTION,,41,0,52950.92,no risk factors
A0049,0.0,NO ACTION,,70,0,183967.25,no risk factors
A0016,0.0,NO ACTION,,60,0,114244.5,no risk factors
A0015,0.0,NO ACTION,,73,0,71813.05,no risk factors
A0014,0.0,NO ACTION,,56,0,82439.91,no risk factors
A0013,0.0,NO ACTION,,65,0,68487.25,no risk factors
A0012,0.0,NO ACTION,,61,0,95941.98,no risk factors
A0011,0.0,NO ACTION,,68,0,126427.6,no risk factors
A0010,0.0,NO ACTION,,40,0,46579.71,no risk factors
A0009,0.0,NO ACTION,,46,0,152826.56,no risk factors
A0539,0.0,NO ACTION,,377,0,7603976.28,no risk factors
